{"cameraMode":{"drawMode":0,"name":"Shaded","section":"Shading Mode"},"sceneLighting":false,"audioPlay":false,"sceneViewState":{"showFog":true,"showMaterialUpdate":false,"showSkybox":true,"showFlares":true,"showImageEffects":true,"showParticleSystems":true},"in2DMode":false,"pivot":{"x":-0.15936565399169923,"y":0.8928540945053101,"z":0.2896583080291748},"rotation":{"x":0.28347820043563845,"y":0.07439952343702316,"z":-0.02206447906792164,"w":0.9558336734771729},"size":5.155567169189453,"orthographic":false}