{"cameraMode":{"drawMode":0,"name":"Shaded","section":"Shading Mode"},"sceneLighting":false,"audioPlay":false,"sceneViewState":{"showFog":true,"showMaterialUpdate":false,"showSkybox":true,"showFlares":true,"showImageEffects":true,"showParticleSystems":true},"in2DMode":false,"pivot":{"x":4.041887283325195,"y":2.982649087905884,"z":29.615236282348634},"rotation":{"x":0.28347820043563845,"y":0.07439952343702316,"z":-0.02206447906792164,"w":0.9558336734771729},"size":12.407975196838379,"orthographic":false}